ファイル名,ID,名前,クラス,種類,コスト,攻撃,体力,効果,フレーバー,プロンプト
"N001.png","N001","見習い剣士","ニュートラル","フォロワー",1,1,1,"ファンファーレ: カードを1枚引く。","剣を握って三日目。","ファンタジーカードゲームのカードイラスト。デジタルペインティング、縦長 2:3。被写体(顔・主役)は画像の上半分〜中央に大きく配置し、下 1/3 は主役を置かず背景のみにする(カード上ではその部分にテキストが重なる)。ドラマチックな光。文字・枠・ロゴ・UI は描かない。題材:「見習い剣士」。キャラクターの上半身〜全身のポートレート。世界観: 中世ファンタジーの旅人や村人。落ち着いた土の色、素朴で温かい雰囲気。カード効果のヒント: ファンファーレ: カードを1枚引く。。フレーバー: 剣を握って三日目。。"
"N003.png","N003","石つぶて","ニュートラル","スペル",1,,,"相手のフォロワー1体に1ダメージ。","","ファンタジーカードゲームのカードイラスト。デジタルペインティング、縦長 2:3。被写体(顔・主役)は画像の上半分〜中央に大きく配置し、下 1/3 は主役を置かず背景のみにする(カード上ではその部分にテキストが重なる)。ドラマチックな光。文字・枠・ロゴ・UI は描かない。題材:「石つぶて」。キャラクターではなく魔法・現象そのものを描く(効果の一瞬を切り取る)。世界観: 中世ファンタジーの旅人や村人。落ち着いた土の色、素朴で温かい雰囲気。カード効果のヒント: 相手のフォロワー1体に1ダメージ。。"
"N002.png","N002","森の番人","ニュートラル","フォロワー",2,1,3,"守護","森に入る者は、まず彼に挨拶をする。","ファンタジーカードゲームのカードイラスト。デジタルペインティング、縦長 2:3。被写体(顔・主役)は画像の上半分〜中央に大きく配置し、下 1/3 は主役を置かず背景のみにする(カード上ではその部分にテキストが重なる)。ドラマチックな光。文字・枠・ロゴ・UI は描かない。題材:「森の番人」。キャラクターの上半身〜全身のポートレート。世界観: 中世ファンタジーの旅人や村人。落ち着いた土の色、素朴で温かい雰囲気。カード効果のヒント: 守護。フレーバー: 森に入る者は、まず彼に挨拶をする。。"
"N005.png","N005","軍旗","ニュートラル","アミュレット",2,,,"カウントダウン 2 ラストワード: 自分のフォロワー全てを+1/+1する。","","ファンタジーカードゲームのカードイラスト。デジタルペインティング、縦長 2:3。被写体(顔・主役)は画像の上半分〜中央に大きく配置し、下 1/3 は主役を置かず背景のみにする(カード上ではその部分にテキストが重なる)。ドラマチックな光。文字・枠・ロゴ・UI は描かない。題材:「軍旗」。人物ではなく、魔法の道具・祭壇・建造物を描く。世界観: 中世ファンタジーの旅人や村人。落ち着いた土の色、素朴で温かい雰囲気。カード効果のヒント: カウントダウン 2 ラストワード: 自分のフォロワー全てを+1/+1する。。"
"N007.png","N007","傭兵","ニュートラル","フォロワー",2,2,2,"","金額次第で、どちらの側にもつく。","ファンタジーカードゲームのカードイラスト。デジタルペインティング、縦長 2:3。被写体(顔・主役)は画像の上半分〜中央に大きく配置し、下 1/3 は主役を置かず背景のみにする(カード上ではその部分にテキストが重なる)。ドラマチックな光。文字・枠・ロゴ・UI は描かない。題材:「傭兵」。キャラクターの上半身〜全身のポートレート。世界観: 中世ファンタジーの旅人や村人。落ち着いた土の色、素朴で温かい雰囲気。フレーバー: 金額次第で、どちらの側にもつく。。"
"N004.png","N004","旅の吟遊詩人","ニュートラル","フォロワー",3,2,2,"ラストワード: カードを1枚引く。","最後の歌は、いつも次の物語の始まりだった。","ファンタジーカードゲームのカードイラスト。デジタルペインティング、縦長 2:3。被写体(顔・主役)は画像の上半分〜中央に大きく配置し、下 1/3 は主役を置かず背景のみにする(カード上ではその部分にテキストが重なる)。ドラマチックな光。文字・枠・ロゴ・UI は描かない。題材:「旅の吟遊詩人」。キャラクターの上半身〜全身のポートレート。世界観: 中世ファンタジーの旅人や村人。落ち着いた土の色、素朴で温かい雰囲気。カード効果のヒント: ラストワード: カードを1枚引く。。フレーバー: 最後の歌は、いつも次の物語の始まりだった。。"
"N009.png","N009","村の治療師","ニュートラル","フォロワー",3,2,3,"ファンファーレ: 自分のリーダーを3回復。","","ファンタジーカードゲームのカードイラスト。デジタルペインティング、縦長 2:3。被写体(顔・主役)は画像の上半分〜中央に大きく配置し、下 1/3 は主役を置かず背景のみにする(カード上ではその部分にテキストが重なる)。ドラマチックな光。文字・枠・ロゴ・UI は描かない。題材:「村の治療師」。キャラクターの上半身〜全身のポートレート。世界観: 中世ファンタジーの旅人や村人。落ち着いた土の色、素朴で温かい雰囲気。カード効果のヒント: ファンファーレ: 自分のリーダーを3回復。。"
"N013.png","N013","突撃兵","ニュートラル","フォロワー",3,3,2,"突進","","ファンタジーカードゲームのカードイラスト。デジタルペインティング、縦長 2:3。被写体(顔・主役)は画像の上半分〜中央に大きく配置し、下 1/3 は主役を置かず背景のみにする(カード上ではその部分にテキストが重なる)。ドラマチックな光。文字・枠・ロゴ・UI は描かない。題材:「突撃兵」。キャラクターの上半身〜全身のポートレート。世界観: 中世ファンタジーの旅人や村人。落ち着いた土の色、素朴で温かい雰囲気。カード効果のヒント: 突進。"
"N014.png","N014","祈りの祭壇","ニュートラル","アミュレット",3,,,"カウントダウン 3 ラストワード: 自分のリーダーを5回復。","","ファンタジーカードゲームのカードイラスト。デジタルペインティング、縦長 2:3。被写体(顔・主役)は画像の上半分〜中央に大きく配置し、下 1/3 は主役を置かず背景のみにする(カード上ではその部分にテキストが重なる)。ドラマチックな光。文字・枠・ロゴ・UI は描かない。題材:「祈りの祭壇」。人物ではなく、魔法の道具・祭壇・建造物を描く。世界観: 中世ファンタジーの旅人や村人。落ち着いた土の色、素朴で温かい雰囲気。カード効果のヒント: カウントダウン 3 ラストワード: 自分のリーダーを5回復。。"
"N015.png","N015","偵察隊の報告","ニュートラル","スペル",3,,,"カードを2枚引く。","","ファンタジーカードゲームのカードイラスト。デジタルペインティング、縦長 2:3。被写体(顔・主役)は画像の上半分〜中央に大きく配置し、下 1/3 は主役を置かず背景のみにする(カード上ではその部分にテキストが重なる)。ドラマチックな光。文字・枠・ロゴ・UI は描かない。題材:「偵察隊の報告」。キャラクターではなく魔法・現象そのものを描く(効果の一瞬を切り取る)。世界観: 中世ファンタジーの旅人や村人。落ち着いた土の色、素朴で温かい雰囲気。カード効果のヒント: カードを2枚引く。。"
"N006.png","N006","狼の群れ","ニュートラル","フォロワー",4,2,2,"突進 ファンファーレ: 狼(2/2)を1体出す。","","ファンタジーカードゲームのカードイラスト。デジタルペインティング、縦長 2:3。被写体(顔・主役)は画像の上半分〜中央に大きく配置し、下 1/3 は主役を置かず背景のみにする(カード上ではその部分にテキストが重なる)。ドラマチックな光。文字・枠・ロゴ・UI は描かない。題材:「狼の群れ」。キャラクターの上半身〜全身のポートレート。世界観: 中世ファンタジーの旅人や村人。落ち着いた土の色、素朴で温かい雰囲気。カード効果のヒント: 突進 ファンファーレ: 狼(2/2)を1体出す。。"
"N010.png","N010","遍歴の戦士","ニュートラル","フォロワー",4,4,4,"","名を訊ねても、答えは返ってこない。","ファンタジーカードゲームのカードイラスト。デジタルペインティング、縦長 2:3。被写体(顔・主役)は画像の上半分〜中央に大きく配置し、下 1/3 は主役を置かず背景のみにする(カード上ではその部分にテキストが重なる)。ドラマチックな光。文字・枠・ロゴ・UI は描かない。題材:「遍歴の戦士」。キャラクターの上半身〜全身のポートレート。世界観: 中世ファンタジーの旅人や村人。落ち着いた土の色、素朴で温かい雰囲気。フレーバー: 名を訊ねても、答えは返ってこない。。"
"N008.png","N008","石の巨人","ニュートラル","フォロワー",5,4,6,"守護","","ファンタジーカードゲームのカードイラスト。デジタルペインティング、縦長 2:3。被写体(顔・主役)は画像の上半分〜中央に大きく配置し、下 1/3 は主役を置かず背景のみにする(カード上ではその部分にテキストが重なる)。ドラマチックな光。文字・枠・ロゴ・UI は描かない。題材:「石の巨人」。キャラクターの上半身〜全身のポートレート。世界観: 中世ファンタジーの旅人や村人。落ち着いた土の色、素朴で温かい雰囲気。カード効果のヒント: 守護。"
"N011.png","N011","老賢者","ニュートラル","フォロワー",6,4,5,"ファンファーレ: カードを2枚引く。","","ファンタジーカードゲームのカードイラスト。デジタルペインティング、縦長 2:3。被写体(顔・主役)は画像の上半分〜中央に大きく配置し、下 1/3 は主役を置かず背景のみにする(カード上ではその部分にテキストが重なる)。ドラマチックな光。文字・枠・ロゴ・UI は描かない。題材:「老賢者」。キャラクターの上半身〜全身のポートレート。世界観: 中世ファンタジーの旅人や村人。落ち着いた土の色、素朴で温かい雰囲気。カード効果のヒント: ファンファーレ: カードを2枚引く。。"
"N012.png","N012","山の古竜","ニュートラル","フォロワー",7,7,7,"","山そのものが動いた、と村人は言った。","ファンタジーカードゲームのカードイラスト。デジタルペインティング、縦長 2:3。被写体(顔・主役)は画像の上半分〜中央に大きく配置し、下 1/3 は主役を置かず背景のみにする(カード上ではその部分にテキストが重なる)。ドラマチックな光。文字・枠・ロゴ・UI は描かない。題材:「山の古竜」。キャラクターの上半身〜全身のポートレート。世界観: 中世ファンタジーの旅人や村人。落ち着いた土の色、素朴で温かい雰囲気。フレーバー: 山そのものが動いた、と村人は言った。。"
"K001.png","K001","見習い従者","騎士","フォロワー",1,1,1,"ファンファーレ: 兵士(1/1)を1体出す。","","ファンタジーカードゲームのカードイラスト。デジタルペインティング、縦長 2:3。被写体(顔・主役)は画像の上半分〜中央に大きく配置し、下 1/3 は主役を置かず背景のみにする(カード上ではその部分にテキストが重なる)。ドラマチックな光。文字・枠・ロゴ・UI は描かない。題材:「見習い従者」。キャラクターの上半身〜全身のポートレート。世界観: 王国の騎士団。銀の鎧、青と金の紋章、城と旗、気高く堂々とした雰囲気。カード効果のヒント: ファンファーレ: 兵士(1/1)を1体出す。。"
"K002.png","K002","盾持ちの兵","騎士","フォロワー",1,1,2,"守護","","ファンタジーカードゲームのカードイラスト。デジタルペインティング、縦長 2:3。被写体(顔・主役)は画像の上半分〜中央に大きく配置し、下 1/3 は主役を置かず背景のみにする(カード上ではその部分にテキストが重なる)。ドラマチックな光。文字・枠・ロゴ・UI は描かない。題材:「盾持ちの兵」。キャラクターの上半身〜全身のポートレート。世界観: 王国の騎士団。銀の鎧、青と金の紋章、城と旗、気高く堂々とした雰囲気。カード効果のヒント: 守護。"
"K015.png","K015","突撃命令","騎士","スペル",1,,,"自分のフォロワー1体を+2/+0する。","","ファンタジーカードゲームのカードイラスト。デジタルペインティング、縦長 2:3。被写体(顔・主役)は画像の上半分〜中央に大きく配置し、下 1/3 は主役を置かず背景のみにする(カード上ではその部分にテキストが重なる)。ドラマチックな光。文字・枠・ロゴ・UI は描かない。題材:「突撃命令」。キャラクターではなく魔法・現象そのものを描く(効果の一瞬を切り取る)。世界観: 王国の騎士団。銀の鎧、青と金の紋章、城と旗、気高く堂々とした雰囲気。カード効果のヒント: 自分のフォロワー1体を+2/+0する。。"
"K003.png","K003","王国の剣士","騎士","フォロワー",2,2,2,"ファンファーレ: 自分の他のフォロワー1体を+1/+0する。","","ファンタジーカードゲームのカードイラスト。デジタルペインティング、縦長 2:3。被写体(顔・主役)は画像の上半分〜中央に大きく配置し、下 1/3 は主役を置かず背景のみにする(カード上ではその部分にテキストが重なる)。ドラマチックな光。文字・枠・ロゴ・UI は描かない。題材:「王国の剣士」。キャラクターの上半身〜全身のポートレート。世界観: 王国の騎士団。銀の鎧、青と金の紋章、城と旗、気高く堂々とした雰囲気。カード効果のヒント: ファンファーレ: 自分の他のフォロワー1体を+1/+0する。。"
"K004.png","K004","槍騎兵","騎士","フォロワー",2,2,1,"突進","","ファンタジーカードゲームのカードイラスト。デジタルペインティング、縦長 2:3。被写体(顔・主役)は画像の上半分〜中央に大きく配置し、下 1/3 は主役を置かず背景のみにする(カード上ではその部分にテキストが重なる)。ドラマチックな光。文字・枠・ロゴ・UI は描かない。題材:「槍騎兵」。キャラクターの上半身〜全身のポートレート。世界観: 王国の騎士団。銀の鎧、青と金の紋章、城と旗、気高く堂々とした雰囲気。カード効果のヒント: 突進。"
"K016.png","K016","鼓舞","騎士","スペル",2,,,"自分のフォロワー全てを+1/+1する。","","ファンタジーカードゲームのカードイラスト。デジタルペインティング、縦長 2:3。被写体(顔・主役)は画像の上半分〜中央に大きく配置し、下 1/3 は主役を置かず背景のみにする(カード上ではその部分にテキストが重なる)。ドラマチックな光。文字・枠・ロゴ・UI は描かない。題材:「鼓舞」。キャラクターではなく魔法・現象そのものを描く(効果の一瞬を切り取る)。世界観: 王国の騎士団。銀の鎧、青と金の紋章、城と旗、気高く堂々とした雰囲気。カード効果のヒント: 自分のフォロワー全てを+1/+1する。。"
"K017.png","K017","槍投げ","騎士","スペル",2,,,"相手のフォロワー1体に2ダメージ。","","ファンタジーカードゲームのカードイラスト。デジタルペインティング、縦長 2:3。被写体(顔・主役)は画像の上半分〜中央に大きく配置し、下 1/3 は主役を置かず背景のみにする(カード上ではその部分にテキストが重なる)。ドラマチックな光。文字・枠・ロゴ・UI は描かない。題材:「槍投げ」。キャラクターではなく魔法・現象そのものを描く(効果の一瞬を切り取る)。世界観: 王国の騎士団。銀の鎧、青と金の紋章、城と旗、気高く堂々とした雰囲気。カード効果のヒント: 相手のフォロワー1体に2ダメージ。。"
"K019.png","K019","訓練場","騎士","アミュレット",2,,,"カウントダウン 2 ラストワード: 兵士(1/1)を2体出す。","","ファンタジーカードゲームのカードイラスト。デジタルペインティング、縦長 2:3。被写体(顔・主役)は画像の上半分〜中央に大きく配置し、下 1/3 は主役を置かず背景のみにする(カード上ではその部分にテキストが重なる)。ドラマチックな光。文字・枠・ロゴ・UI は描かない。題材:「訓練場」。人物ではなく、魔法の道具・祭壇・建造物を描く。世界観: 王国の騎士団。銀の鎧、青と金の紋章、城と旗、気高く堂々とした雰囲気。カード効果のヒント: カウントダウン 2 ラストワード: 兵士(1/1)を2体出す。。"
"K005.png","K005","白銀の盾兵","騎士","フォロワー",3,2,4,"守護","","ファンタジーカードゲームのカードイラスト。デジタルペインティング、縦長 2:3。被写体(顔・主役)は画像の上半分〜中央に大きく配置し、下 1/3 は主役を置かず背景のみにする(カード上ではその部分にテキストが重なる)。ドラマチックな光。文字・枠・ロゴ・UI は描かない。題材:「白銀の盾兵」。キャラクターの上半身〜全身のポートレート。世界観: 王国の騎士団。銀の鎧、青と金の紋章、城と旗、気高く堂々とした雰囲気。カード効果のヒント: 守護。"
"K006.png","K006","旗手","騎士","フォロワー",3,2,2,"ファンファーレ: 自分のフォロワー全てを+1/+0する。","","ファンタジーカードゲームのカードイラスト。デジタルペインティング、縦長 2:3。被写体(顔・主役)は画像の上半分〜中央に大きく配置し、下 1/3 は主役を置かず背景のみにする(カード上ではその部分にテキストが重なる)。ドラマチックな光。文字・枠・ロゴ・UI は描かない。題材:「旗手」。キャラクターの上半身〜全身のポートレート。世界観: 王国の騎士団。銀の鎧、青と金の紋章、城と旗、気高く堂々とした雰囲気。カード効果のヒント: ファンファーレ: 自分のフォロワー全てを+1/+0する。。"
"K013.png","K013","竜殺しの狩人","騎士","フォロワー",3,2,2,"必殺","","ファンタジーカードゲームのカードイラスト。デジタルペインティング、縦長 2:3。被写体(顔・主役)は画像の上半分〜中央に大きく配置し、下 1/3 は主役を置かず背景のみにする(カード上ではその部分にテキストが重なる)。ドラマチックな光。文字・枠・ロゴ・UI は描かない。題材:「竜殺しの狩人」。キャラクターの上半身〜全身のポートレート。世界観: 王国の騎士団。銀の鎧、青と金の紋章、城と旗、気高く堂々とした雰囲気。カード効果のヒント: 必殺。"
"K018.png","K018","援軍","騎士","スペル",3,,,"兵士(1/1)を3体出す。","","ファンタジーカードゲームのカードイラスト。デジタルペインティング、縦長 2:3。被写体(顔・主役)は画像の上半分〜中央に大きく配置し、下 1/3 は主役を置かず背景のみにする(カード上ではその部分にテキストが重なる)。ドラマチックな光。文字・枠・ロゴ・UI は描かない。題材:「援軍」。キャラクターではなく魔法・現象そのものを描く(効果の一瞬を切り取る)。世界観: 王国の騎士団。銀の鎧、青と金の紋章、城と旗、気高く堂々とした雰囲気。カード効果のヒント: 兵士(1/1)を3体出す。。"
"K007.png","K007","騎馬隊長","騎士","フォロワー",4,3,3,"突進 ファンファーレ: 兵士(1/1)を1体出す。","","ファンタジーカードゲームのカードイラスト。デジタルペインティング、縦長 2:3。被写体(顔・主役)は画像の上半分〜中央に大きく配置し、下 1/3 は主役を置かず背景のみにする(カード上ではその部分にテキストが重なる)。ドラマチックな光。文字・枠・ロゴ・UI は描かない。題材:「騎馬隊長」。キャラクターの上半身〜全身のポートレート。世界観: 王国の騎士団。銀の鎧、青と金の紋章、城と旗、気高く堂々とした雰囲気。カード効果のヒント: 突進 ファンファーレ: 兵士(1/1)を1体出す。。"
"K008.png","K008","王国の聖騎士","騎士","フォロワー",4,3,4,"ドレイン","","ファンタジーカードゲームのカードイラスト。デジタルペインティング、縦長 2:3。被写体(顔・主役)は画像の上半分〜中央に大きく配置し、下 1/3 は主役を置かず背景のみにする(カード上ではその部分にテキストが重なる)。ドラマチックな光。文字・枠・ロゴ・UI は描かない。題材:「王国の聖騎士」。キャラクターの上半身〜全身のポートレート。世界観: 王国の騎士団。銀の鎧、青と金の紋章、城と旗、気高く堂々とした雰囲気。カード効果のヒント: ドレイン。"
"K020.png","K020","守護の紋章","騎士","アミュレット",4,,,"カウントダウン 3 ラストワード: 自分のフォロワー全てを+2/+2する。","","ファンタジーカードゲームのカードイラスト。デジタルペインティング、縦長 2:3。被写体(顔・主役)は画像の上半分〜中央に大きく配置し、下 1/3 は主役を置かず背景のみにする(カード上ではその部分にテキストが重なる)。ドラマチックな光。文字・枠・ロゴ・UI は描かない。題材:「守護の紋章」。人物ではなく、魔法の道具・祭壇・建造物を描く。世界観: 王国の騎士団。銀の鎧、青と金の紋章、城と旗、気高く堂々とした雰囲気。カード効果のヒント: カウントダウン 3 ラストワード: 自分のフォロワー全てを+2/+2する。。"
"K009.png","K009","城壁の守り手","騎士","フォロワー",5,3,6,"守護","","ファンタジーカードゲームのカードイラスト。デジタルペインティング、縦長 2:3。被写体(顔・主役)は画像の上半分〜中央に大きく配置し、下 1/3 は主役を置かず背景のみにする(カード上ではその部分にテキストが重なる)。ドラマチックな光。文字・枠・ロゴ・UI は描かない。題材:「城壁の守り手」。キャラクターの上半身〜全身のポートレート。世界観: 王国の騎士団。銀の鎧、青と金の紋章、城と旗、気高く堂々とした雰囲気。カード効果のヒント: 守護。"
"K010.png","K010","竜騎士","騎士","フォロワー",5,4,4,"疾走","","ファンタジーカードゲームのカードイラスト。デジタルペインティング、縦長 2:3。被写体(顔・主役)は画像の上半分〜中央に大きく配置し、下 1/3 は主役を置かず背景のみにする(カード上ではその部分にテキストが重なる)。ドラマチックな光。文字・枠・ロゴ・UI は描かない。題材:「竜騎士」。キャラクターの上半身〜全身のポートレート。世界観: 王国の騎士団。銀の鎧、青と金の紋章、城と旗、気高く堂々とした雰囲気。カード効果のヒント: 疾走。"
"K011.png","K011","軍団長","騎士","フォロワー",6,4,4,"ファンファーレ: 兵士(1/1)を2体出す。","","ファンタジーカードゲームのカードイラスト。デジタルペインティング、縦長 2:3。被写体(顔・主役)は画像の上半分〜中央に大きく配置し、下 1/3 は主役を置かず背景のみにする(カード上ではその部分にテキストが重なる)。ドラマチックな光。文字・枠・ロゴ・UI は描かない。題材:「軍団長」。キャラクターの上半身〜全身のポートレート。世界観: 王国の騎士団。銀の鎧、青と金の紋章、城と旗、気高く堂々とした雰囲気。カード効果のヒント: ファンファーレ: 兵士(1/1)を2体出す。。"
"K012.png","K012","王国の英雄","騎士","フォロワー",7,6,6,"ファンファーレ: 自分のフォロワー全てを+1/+1する。","","ファンタジーカードゲームのカードイラスト。デジタルペインティング、縦長 2:3。被写体(顔・主役)は画像の上半分〜中央に大きく配置し、下 1/3 は主役を置かず背景のみにする(カード上ではその部分にテキストが重なる)。ドラマチックな光。文字・枠・ロゴ・UI は描かない。題材:「王国の英雄」。キャラクターの上半身〜全身のポートレート。世界観: 王国の騎士団。銀の鎧、青と金の紋章、城と旗、気高く堂々とした雰囲気。カード効果のヒント: ファンファーレ: 自分のフォロワー全てを+1/+1する。。"
"K014.png","K014","国王","騎士","フォロワー",8,6,6,"守護 ファンファーレ: 兵士(1/1)を2体出す。","","ファンタジーカードゲームのカードイラスト。デジタルペインティング、縦長 2:3。被写体(顔・主役)は画像の上半分〜中央に大きく配置し、下 1/3 は主役を置かず背景のみにする(カード上ではその部分にテキストが重なる)。ドラマチックな光。文字・枠・ロゴ・UI は描かない。題材:「国王」。キャラクターの上半身〜全身のポートレート。世界観: 王国の騎士団。銀の鎧、青と金の紋章、城と旗、気高く堂々とした雰囲気。カード効果のヒント: 守護 ファンファーレ: 兵士(1/1)を2体出す。。"
"M001.png","M001","見習い魔術師","魔導","フォロワー",1,1,1,"ファンファーレ: 相手のリーダーかフォロワー1体に1ダメージ。","","ファンタジーカードゲームのカードイラスト。デジタルペインティング、縦長 2:3。被写体(顔・主役)は画像の上半分〜中央に大きく配置し、下 1/3 は主役を置かず背景のみにする(カード上ではその部分にテキストが重なる)。ドラマチックな光。文字・枠・ロゴ・UI は描かない。題材:「見習い魔術師」。キャラクターの上半身〜全身のポートレート。世界観: 魔法学院の魔導師。紫のローブ、光る魔法陣、炎と氷の魔法、神秘的な雰囲気。カード効果のヒント: ファンファーレ: 相手のリーダーかフォロワー1体に1ダメージ。。"
"M011.png","M011","マジックミサイル","魔導","スペル",1,,,"相手のリーダーかフォロワー1体に1ダメージ。カードを1枚引く。","","ファンタジーカードゲームのカードイラスト。デジタルペインティング、縦長 2:3。被写体(顔・主役)は画像の上半分〜中央に大きく配置し、下 1/3 は主役を置かず背景のみにする(カード上ではその部分にテキストが重なる)。ドラマチックな光。文字・枠・ロゴ・UI は描かない。題材:「マジックミサイル」。キャラクターではなく魔法・現象そのものを描く(効果の一瞬を切り取る)。世界観: 魔法学院の魔導師。紫のローブ、光る魔法陣、炎と氷の魔法、神秘的な雰囲気。カード効果のヒント: 相手のリーダーかフォロワー1体に1ダメージ。カードを1枚引く。。"
"M002.png","M002","書庫番","魔導","フォロワー",2,2,1,"ファンファーレ: カードを1枚引く。","","ファンタジーカードゲームのカードイラスト。デジタルペインティング、縦長 2:3。被写体(顔・主役)は画像の上半分〜中央に大きく配置し、下 1/3 は主役を置かず背景のみにする(カード上ではその部分にテキストが重なる)。ドラマチックな光。文字・枠・ロゴ・UI は描かない。題材:「書庫番」。キャラクターの上半身〜全身のポートレート。世界観: 魔法学院の魔導師。紫のローブ、光る魔法陣、炎と氷の魔法、神秘的な雰囲気。カード効果のヒント: ファンファーレ: カードを1枚引く。。"
"M013.png","M013","凍結","魔導","スペル",2,,,"相手のフォロワー1体に3ダメージ。","","ファンタジーカードゲームのカードイラスト。デジタルペインティング、縦長 2:3。被写体(顔・主役)は画像の上半分〜中央に大きく配置し、下 1/3 は主役を置かず背景のみにする(カード上ではその部分にテキストが重なる)。ドラマチックな光。文字・枠・ロゴ・UI は描かない。題材:「凍結」。キャラクターではなく魔法・現象そのものを描く(効果の一瞬を切り取る)。世界観: 魔法学院の魔導師。紫のローブ、光る魔法陣、炎と氷の魔法、神秘的な雰囲気。カード効果のヒント: 相手のフォロワー1体に3ダメージ。。"
"M017.png","M017","精霊召喚","魔導","スペル",2,,,"火の精霊(1/1 突進)を2体出す。","","ファンタジーカードゲームのカードイラスト。デジタルペインティング、縦長 2:3。被写体(顔・主役)は画像の上半分〜中央に大きく配置し、下 1/3 は主役を置かず背景のみにする(カード上ではその部分にテキストが重なる)。ドラマチックな光。文字・枠・ロゴ・UI は描かない。題材:「精霊召喚」。キャラクターではなく魔法・現象そのものを描く(効果の一瞬を切り取る)。世界観: 魔法学院の魔導師。紫のローブ、光る魔法陣、炎と氷の魔法、神秘的な雰囲気。カード効果のヒント: 火の精霊(1/1 突進)を2体出す。。"
"M003.png","M003","火の精霊使い","魔導","フォロワー",3,2,3,"ファンファーレ: 火の精霊(1/1 突進)を1体出す。","","ファンタジーカードゲームのカードイラスト。デジタルペインティング、縦長 2:3。被写体(顔・主役)は画像の上半分〜中央に大きく配置し、下 1/3 は主役を置かず背景のみにする(カード上ではその部分にテキストが重なる)。ドラマチックな光。文字・枠・ロゴ・UI は描かない。題材:「火の精霊使い」。キャラクターの上半身〜全身のポートレート。世界観: 魔法学院の魔導師。紫のローブ、光る魔法陣、炎と氷の魔法、神秘的な雰囲気。カード効果のヒント: ファンファーレ: 火の精霊(1/1 突進)を1体出す。。"
"M009.png","M009","吸魔の蝙蝠","魔導","フォロワー",3,3,2,"ドレイン","","ファンタジーカードゲームのカードイラスト。デジタルペインティング、縦長 2:3。被写体(顔・主役)は画像の上半分〜中央に大きく配置し、下 1/3 は主役を置かず背景のみにする(カード上ではその部分にテキストが重なる)。ドラマチックな光。文字・枠・ロゴ・UI は描かない。題材:「吸魔の蝙蝠」。キャラクターの上半身〜全身のポートレート。世界観: 魔法学院の魔導師。紫のローブ、光る魔法陣、炎と氷の魔法、神秘的な雰囲気。カード効果のヒント: ドレイン。"
"M012.png","M012","火球","魔導","スペル",3,,,"相手のリーダーかフォロワー1体に3ダメージ。","","ファンタジーカードゲームのカードイラスト。デジタルペインティング、縦長 2:3。被写体(顔・主役)は画像の上半分〜中央に大きく配置し、下 1/3 は主役を置かず背景のみにする(カード上ではその部分にテキストが重なる)。ドラマチックな光。文字・枠・ロゴ・UI は描かない。題材:「火球」。キャラクターではなく魔法・現象そのものを描く(効果の一瞬を切り取る)。世界観: 魔法学院の魔導師。紫のローブ、光る魔法陣、炎と氷の魔法、神秘的な雰囲気。カード効果のヒント: 相手のリーダーかフォロワー1体に3ダメージ。。"
"M019.png","M019","炎の矢","魔導","スペル",3,,,"相手のリーダーに3ダメージ。","","ファンタジーカードゲームのカードイラスト。デジタルペインティング、縦長 2:3。被写体(顔・主役)は画像の上半分〜中央に大きく配置し、下 1/3 は主役を置かず背景のみにする(カード上ではその部分にテキストが重なる)。ドラマチックな光。文字・枠・ロゴ・UI は描かない。題材:「炎の矢」。キャラクターではなく魔法・現象そのものを描く(効果の一瞬を切り取る)。世界観: 魔法学院の魔導師。紫のローブ、光る魔法陣、炎と氷の魔法、神秘的な雰囲気。カード効果のヒント: 相手のリーダーに3ダメージ。。"
"M020.png","M020","魔力の泉","魔導","アミュレット",3,,,"カウントダウン 2 ラストワード: カードを2枚引く。","","ファンタジーカードゲームのカードイラスト。デジタルペインティング、縦長 2:3。被写体(顔・主役)は画像の上半分〜中央に大きく配置し、下 1/3 は主役を置かず背景のみにする(カード上ではその部分にテキストが重なる)。ドラマチックな光。文字・枠・ロゴ・UI は描かない。題材:「魔力の泉」。人物ではなく、魔法の道具・祭壇・建造物を描く。世界観: 魔法学院の魔導師。紫のローブ、光る魔法陣、炎と氷の魔法、神秘的な雰囲気。カード効果のヒント: カウントダウン 2 ラストワード: カードを2枚引く。。"
"M004.png","M004","雷の魔術師","魔導","フォロワー",4,3,3,"ファンファーレ: 相手のフォロワー1体に2ダメージ。","","ファンタジーカードゲームのカードイラスト。デジタルペインティング、縦長 2:3。被写体(顔・主役)は画像の上半分〜中央に大きく配置し、下 1/3 は主役を置かず背景のみにする(カード上ではその部分にテキストが重なる)。ドラマチックな光。文字・枠・ロゴ・UI は描かない。題材:「雷の魔術師」。キャラクターの上半身〜全身のポートレート。世界観: 魔法学院の魔導師。紫のローブ、光る魔法陣、炎と氷の魔法、神秘的な雰囲気。カード効果のヒント: ファンファーレ: 相手のフォロワー1体に2ダメージ。。"
"M005.png","M005","氷の守護者","魔導","フォロワー",4,2,5,"守護","","ファンタジーカードゲームのカードイラスト。デジタルペインティング、縦長 2:3。被写体(顔・主役)は画像の上半分〜中央に大きく配置し、下 1/3 は主役を置かず背景のみにする(カード上ではその部分にテキストが重なる)。ドラマチックな光。文字・枠・ロゴ・UI は描かない。題材:「氷の守護者」。キャラクターの上半身〜全身のポートレート。世界観: 魔法学院の魔導師。紫のローブ、光る魔法陣、炎と氷の魔法、神秘的な雰囲気。カード効果のヒント: 守護。"
"M014.png","M014","炎の嵐","魔導","スペル",4,,,"相手のフォロワー全てに2ダメージ。","","ファンタジーカードゲームのカードイラスト。デジタルペインティング、縦長 2:3。被写体(顔・主役)は画像の上半分〜中央に大きく配置し、下 1/3 は主役を置かず背景のみにする(カード上ではその部分にテキストが重なる)。ドラマチックな光。文字・枠・ロゴ・UI は描かない。題材:「炎の嵐」。キャラクターではなく魔法・現象そのものを描く(効果の一瞬を切り取る)。世界観: 魔法学院の魔導師。紫のローブ、光る魔法陣、炎と氷の魔法、神秘的な雰囲気。カード効果のヒント: 相手のフォロワー全てに2ダメージ。。"
"M015.png","M015","知識の探求","魔導","スペル",4,,,"カードを3枚引く。","","ファンタジーカードゲームのカードイラスト。デジタルペインティング、縦長 2:3。被写体(顔・主役)は画像の上半分〜中央に大きく配置し、下 1/3 は主役を置かず背景のみにする(カード上ではその部分にテキストが重なる)。ドラマチックな光。文字・枠・ロゴ・UI は描かない。題材:「知識の探求」。キャラクターではなく魔法・現象そのものを描く(効果の一瞬を切り取る)。世界観: 魔法学院の魔導師。紫のローブ、光る魔法陣、炎と氷の魔法、神秘的な雰囲気。カード効果のヒント: カードを3枚引く。。"
"M006.png","M006","炎の術師","魔導","フォロワー",5,4,4,"ファンファーレ: 相手のリーダーに2ダメージ。","","ファンタジーカードゲームのカードイラスト。デジタルペインティング、縦長 2:3。被写体(顔・主役)は画像の上半分〜中央に大きく配置し、下 1/3 は主役を置かず背景のみにする(カード上ではその部分にテキストが重なる)。ドラマチックな光。文字・枠・ロゴ・UI は描かない。題材:「炎の術師」。キャラクターの上半身〜全身のポートレート。世界観: 魔法学院の魔導師。紫のローブ、光る魔法陣、炎と氷の魔法、神秘的な雰囲気。カード効果のヒント: ファンファーレ: 相手のリーダーに2ダメージ。。"
"M010.png","M010","賢者の弟子","魔導","フォロワー",5,3,4,"ファンファーレ: カードを2枚引く。","","ファンタジーカードゲームのカードイラスト。デジタルペインティング、縦長 2:3。被写体(顔・主役)は画像の上半分〜中央に大きく配置し、下 1/3 は主役を置かず背景のみにする(カード上ではその部分にテキストが重なる)。ドラマチックな光。文字・枠・ロゴ・UI は描かない。題材:「賢者の弟子」。キャラクターの上半身〜全身のポートレート。世界観: 魔法学院の魔導師。紫のローブ、光る魔法陣、炎と氷の魔法、神秘的な雰囲気。カード効果のヒント: ファンファーレ: カードを2枚引く。。"
"M018.png","M018","破壊の光","魔導","スペル",5,,,"相手のフォロワー1体を破壊する。","","ファンタジーカードゲームのカードイラスト。デジタルペインティング、縦長 2:3。被写体(顔・主役)は画像の上半分〜中央に大きく配置し、下 1/3 は主役を置かず背景のみにする(カード上ではその部分にテキストが重なる)。ドラマチックな光。文字・枠・ロゴ・UI は描かない。題材:「破壊の光」。キャラクターではなく魔法・現象そのものを描く(効果の一瞬を切り取る)。世界観: 魔法学院の魔導師。紫のローブ、光る魔法陣、炎と氷の魔法、神秘的な雰囲気。カード効果のヒント: 相手のフォロワー1体を破壊する。。"
"M007.png","M007","雷帝","魔導","フォロワー",6,4,5,"ファンファーレ: ランダムな相手のフォロワー1体に3ダメージ。","","ファンタジーカードゲームのカードイラスト。デジタルペインティング、縦長 2:3。被写体(顔・主役)は画像の上半分〜中央に大きく配置し、下 1/3 は主役を置かず背景のみにする(カード上ではその部分にテキストが重なる)。ドラマチックな光。文字・枠・ロゴ・UI は描かない。題材:「雷帝」。キャラクターの上半身〜全身のポートレート。世界観: 魔法学院の魔導師。紫のローブ、光る魔法陣、炎と氷の魔法、神秘的な雰囲気。カード効果のヒント: ファンファーレ: ランダムな相手のフォロワー1体に3ダメージ。。"
"M016.png","M016","隕石","魔導","スペル",6,,,"相手のフォロワー全てに4ダメージ。","","ファンタジーカードゲームのカードイラスト。デジタルペインティング、縦長 2:3。被写体(顔・主役)は画像の上半分〜中央に大きく配置し、下 1/3 は主役を置かず背景のみにする(カード上ではその部分にテキストが重なる)。ドラマチックな光。文字・枠・ロゴ・UI は描かない。題材:「隕石」。キャラクターではなく魔法・現象そのものを描く(効果の一瞬を切り取る)。世界観: 魔法学院の魔導師。紫のローブ、光る魔法陣、炎と氷の魔法、神秘的な雰囲気。カード効果のヒント: 相手のフォロワー全てに4ダメージ。。"
"M008.png","M008","火炎の竜","魔導","フォロワー",7,5,5,"疾走","","ファンタジーカードゲームのカードイラスト。デジタルペインティング、縦長 2:3。被写体(顔・主役)は画像の上半分〜中央に大きく配置し、下 1/3 は主役を置かず背景のみにする(カード上ではその部分にテキストが重なる)。ドラマチックな光。文字・枠・ロゴ・UI は描かない。題材:「火炎の竜」。キャラクターの上半身〜全身のポートレート。世界観: 魔法学院の魔導師。紫のローブ、光る魔法陣、炎と氷の魔法、神秘的な雰囲気。カード効果のヒント: 疾走。"
"U001.png","U001","骸骨兵","死霊術師","フォロワー",1,1,1,"ラストワード: 骸骨(1/1)を1体出す。","何度倒しても、骨は立ち上がる。","ファンタジーカードゲームのカードイラスト。デジタルペインティング、縦長 2:3。被写体(顔・主役)は画像の上半分〜中央に大きく配置し、下 1/3 は主役を置かず背景のみにする(カード上ではその部分にテキストが重なる)。ドラマチックな光。文字・枠・ロゴ・UI は描かない。題材:「骸骨兵」。キャラクターの上半身〜全身のポートレート。世界観: 死霊術師と不死者。骨と墓石、暗い緑と黒、不気味な光、荒涼とした雰囲気。カード効果のヒント: ラストワード: 骸骨(1/1)を1体出す。。フレーバー: 何度倒しても、骨は立ち上がる。。"
"U013.png","U013","悪霊","死霊術師","フォロワー",1,2,1,"ラストワード: ランダムな相手のフォロワー1体に1ダメージ。","","ファンタジーカードゲームのカードイラスト。デジタルペインティング、縦長 2:3。被写体(顔・主役)は画像の上半分〜中央に大きく配置し、下 1/3 は主役を置かず背景のみにする(カード上ではその部分にテキストが重なる)。ドラマチックな光。文字・枠・ロゴ・UI は描かない。題材:「悪霊」。キャラクターの上半身〜全身のポートレート。世界観: 死霊術師と不死者。骨と墓石、暗い緑と黒、不気味な光、荒涼とした雰囲気。カード効果のヒント: ラストワード: ランダムな相手のフォロワー1体に1ダメージ。。"
"U016.png","U016","骸骨召喚","死霊術師","スペル",1,,,"骸骨(1/1)を2体出す。","","ファンタジーカードゲームのカードイラスト。デジタルペインティング、縦長 2:3。被写体(顔・主役)は画像の上半分〜中央に大きく配置し、下 1/3 は主役を置かず背景のみにする(カード上ではその部分にテキストが重なる)。ドラマチックな光。文字・枠・ロゴ・UI は描かない。題材:「骸骨召喚」。キャラクターではなく魔法・現象そのものを描く(効果の一瞬を切り取る)。世界観: 死霊術師と不死者。骨と墓石、暗い緑と黒、不気味な光、荒涼とした雰囲気。カード効果のヒント: 骸骨(1/1)を2体出す。。"
"U002.png","U002","腐肉喰らい","死霊術師","フォロワー",2,1,3,"ラストワード: カードを1枚引く。","","ファンタジーカードゲームのカードイラスト。デジタルペインティング、縦長 2:3。被写体(顔・主役)は画像の上半分〜中央に大きく配置し、下 1/3 は主役を置かず背景のみにする(カード上ではその部分にテキストが重なる)。ドラマチックな光。文字・枠・ロゴ・UI は描かない。題材:「腐肉喰らい」。キャラクターの上半身〜全身のポートレート。世界観: 死霊術師と不死者。骨と墓石、暗い緑と黒、不気味な光、荒涼とした雰囲気。カード効果のヒント: ラストワード: カードを1枚引く。。"
"U003.png","U003","怨念の亡者","死霊術師","フォロワー",2,2,2,"ラストワード: 相手のリーダーに1ダメージ。","","ファンタジーカードゲームのカードイラスト。デジタルペインティング、縦長 2:3。被写体(顔・主役)は画像の上半分〜中央に大きく配置し、下 1/3 は主役を置かず背景のみにする(カード上ではその部分にテキストが重なる)。ドラマチックな光。文字・枠・ロゴ・UI は描かない。題材:「怨念の亡者」。キャラクターの上半身〜全身のポートレート。世界観: 死霊術師と不死者。骨と墓石、暗い緑と黒、不気味な光、荒涼とした雰囲気。カード効果のヒント: ラストワード: 相手のリーダーに1ダメージ。。"
"U008.png","U008","血の契約","死霊術師","スペル",2,,,"自分のリーダーに2ダメージ。カードを2枚引く。","","ファンタジーカードゲームのカードイラスト。デジタルペインティング、縦長 2:3。被写体(顔・主役)は画像の上半分〜中央に大きく配置し、下 1/3 は主役を置かず背景のみにする(カード上ではその部分にテキストが重なる)。ドラマチックな光。文字・枠・ロゴ・UI は描かない。題材:「血の契約」。キャラクターではなく魔法・現象そのものを描く(効果の一瞬を切り取る)。世界観: 死霊術師と不死者。骨と墓石、暗い緑と黒、不気味な光、荒涼とした雰囲気。カード効果のヒント: 自分のリーダーに2ダメージ。カードを2枚引く。。"
"U004.png","U004","死霊の蝙蝠","死霊術師","フォロワー",3,2,2,"ドレイン","","ファンタジーカードゲームのカードイラスト。デジタルペインティング、縦長 2:3。被写体(顔・主役)は画像の上半分〜中央に大きく配置し、下 1/3 は主役を置かず背景のみにする(カード上ではその部分にテキストが重なる)。ドラマチックな光。文字・枠・ロゴ・UI は描かない。題材:「死霊の蝙蝠」。キャラクターの上半身〜全身のポートレート。世界観: 死霊術師と不死者。骨と墓石、暗い緑と黒、不気味な光、荒涼とした雰囲気。カード効果のヒント: ドレイン。"
"U005.png","U005","屍人形師","死霊術師","フォロワー",3,2,3,"ファンファーレ: 骸骨(1/1)を2体出す。","","ファンタジーカードゲームのカードイラスト。デジタルペインティング、縦長 2:3。被写体(顔・主役)は画像の上半分〜中央に大きく配置し、下 1/3 は主役を置かず背景のみにする(カード上ではその部分にテキストが重なる)。ドラマチックな光。文字・枠・ロゴ・UI は描かない。題材:「屍人形師」。キャラクターの上半身〜全身のポートレート。世界観: 死霊術師と不死者。骨と墓石、暗い緑と黒、不気味な光、荒涼とした雰囲気。カード効果のヒント: ファンファーレ: 骸骨(1/1)を2体出す。。"
"U014.png","U014","魂喰らい","死霊術師","フォロワー",3,3,3,"ファンファーレ: 自分の他のフォロワー1体を破壊し、カードを2枚引く。","","ファンタジーカードゲームのカードイラスト。デジタルペインティング、縦長 2:3。被写体(顔・主役)は画像の上半分〜中央に大きく配置し、下 1/3 は主役を置かず背景のみにする(カード上ではその部分にテキストが重なる)。ドラマチックな光。文字・枠・ロゴ・UI は描かない。題材:「魂喰らい」。キャラクターの上半身〜全身のポートレート。世界観: 死霊術師と不死者。骨と墓石、暗い緑と黒、不気味な光、荒涼とした雰囲気。カード効果のヒント: ファンファーレ: 自分の他のフォロワー1体を破壊し、カードを2枚引く。。"
"U017.png","U017","爆裂する屍","死霊術師","スペル",3,,,"自分のフォロワー1体を破壊し、相手のフォロワー全てに2ダメージ。","","ファンタジーカードゲームのカードイラスト。デジタルペインティング、縦長 2:3。被写体(顔・主役)は画像の上半分〜中央に大きく配置し、下 1/3 は主役を置かず背景のみにする(カード上ではその部分にテキストが重なる)。ドラマチックな光。文字・枠・ロゴ・UI は描かない。題材:「爆裂する屍」。キャラクターではなく魔法・現象そのものを描く(効果の一瞬を切り取る)。世界観: 死霊術師と不死者。骨と墓石、暗い緑と黒、不気味な光、荒涼とした雰囲気。カード効果のヒント: 自分のフォロワー1体を破壊し、相手のフォロワー全てに2ダメージ。。"
"U018.png","U018","魂の吸収","死霊術師","スペル",3,,,"相手のフォロワー1体に2ダメージ。自分のリーダーを2回復。","","ファンタジーカードゲームのカードイラスト。デジタルペインティング、縦長 2:3。被写体(顔・主役)は画像の上半分〜中央に大きく配置し、下 1/3 は主役を置かず背景のみにする(カード上ではその部分にテキストが重なる)。ドラマチックな光。文字・枠・ロゴ・UI は描かない。題材:「魂の吸収」。キャラクターではなく魔法・現象そのものを描く(効果の一瞬を切り取る)。世界観: 死霊術師と不死者。骨と墓石、暗い緑と黒、不気味な光、荒涼とした雰囲気。カード効果のヒント: 相手のフォロワー1体に2ダメージ。自分のリーダーを2回復。。"
"U020.png","U020","呪いの祭壇","死霊術師","アミュレット",3,,,"カウントダウン 3 ラストワード: 相手のリーダーに3ダメージ。","","ファンタジーカードゲームのカードイラスト。デジタルペインティング、縦長 2:3。被写体(顔・主役)は画像の上半分〜中央に大きく配置し、下 1/3 は主役を置かず背景のみにする(カード上ではその部分にテキストが重なる)。ドラマチックな光。文字・枠・ロゴ・UI は描かない。題材:「呪いの祭壇」。人物ではなく、魔法の道具・祭壇・建造物を描く。世界観: 死霊術師と不死者。骨と墓石、暗い緑と黒、不気味な光、荒涼とした雰囲気。カード効果のヒント: カウントダウン 3 ラストワード: 相手のリーダーに3ダメージ。。"
"U006.png","U006","骨の巨人","死霊術師","フォロワー",4,3,5,"ラストワード: 骸骨(1/1)を2体出す。","","ファンタジーカードゲームのカードイラスト。デジタルペインティング、縦長 2:3。被写体(顔・主役)は画像の上半分〜中央に大きく配置し、下 1/3 は主役を置かず背景のみにする(カード上ではその部分にテキストが重なる)。ドラマチックな光。文字・枠・ロゴ・UI は描かない。題材:「骨の巨人」。キャラクターの上半身〜全身のポートレート。世界観: 死霊術師と不死者。骨と墓石、暗い緑と黒、不気味な光、荒涼とした雰囲気。カード効果のヒント: ラストワード: 骸骨(1/1)を2体出す。。"
"U007.png","U007","死神の使い","死霊術師","フォロワー",4,3,2,"必殺","","ファンタジーカードゲームのカードイラスト。デジタルペインティング、縦長 2:3。被写体(顔・主役)は画像の上半分〜中央に大きく配置し、下 1/3 は主役を置かず背景のみにする(カード上ではその部分にテキストが重なる)。ドラマチックな光。文字・枠・ロゴ・UI は描かない。題材:「死神の使い」。キャラクターの上半身〜全身のポートレート。世界観: 死霊術師と不死者。骨と墓石、暗い緑と黒、不気味な光、荒涼とした雰囲気。カード効果のヒント: 必殺。"
"U015.png","U015","冥府の番犬","死霊術師","フォロワー",4,4,3,"突進","","ファンタジーカードゲームのカードイラスト。デジタルペインティング、縦長 2:3。被写体(顔・主役)は画像の上半分〜中央に大きく配置し、下 1/3 は主役を置かず背景のみにする(カード上ではその部分にテキストが重なる)。ドラマチックな光。文字・枠・ロゴ・UI は描かない。題材:「冥府の番犬」。キャラクターの上半身〜全身のポートレート。世界観: 死霊術師と不死者。骨と墓石、暗い緑と黒、不気味な光、荒涼とした雰囲気。カード効果のヒント: 突進。"
"U019.png","U019","死の宣告","死霊術師","スペル",4,,,"相手のフォロワー1体を破壊する。自分のリーダーに2ダメージ。","","ファンタジーカードゲームのカードイラスト。デジタルペインティング、縦長 2:3。被写体(顔・主役)は画像の上半分〜中央に大きく配置し、下 1/3 は主役を置かず背景のみにする(カード上ではその部分にテキストが重なる)。ドラマチックな光。文字・枠・ロゴ・UI は描かない。題材:「死の宣告」。キャラクターではなく魔法・現象そのものを描く(効果の一瞬を切り取る)。世界観: 死霊術師と不死者。骨と墓石、暗い緑と黒、不気味な光、荒涼とした雰囲気。カード効果のヒント: 相手のフォロワー1体を破壊する。自分のリーダーに2ダメージ。。"
"U009.png","U009","屍術師","死霊術師","フォロワー",5,3,3,"ファンファーレ: 自分の他のフォロワー1体を破壊し、自身を+3/+3する。","","ファンタジーカードゲームのカードイラスト。デジタルペインティング、縦長 2:3。被写体(顔・主役)は画像の上半分〜中央に大きく配置し、下 1/3 は主役を置かず背景のみにする(カード上ではその部分にテキストが重なる)。ドラマチックな光。文字・枠・ロゴ・UI は描かない。題材:「屍術師」。キャラクターの上半身〜全身のポートレート。世界観: 死霊術師と不死者。骨と墓石、暗い緑と黒、不気味な光、荒涼とした雰囲気。カード効果のヒント: ファンファーレ: 自分の他のフォロワー1体を破壊し、自身を+3/+3する。。"
"U010.png","U010","亡霊騎士","死霊術師","フォロワー",5,4,2,"疾走 ラストワード: 骸骨(1/1)を1体出す。","","ファンタジーカードゲームのカードイラスト。デジタルペインティング、縦長 2:3。被写体(顔・主役)は画像の上半分〜中央に大きく配置し、下 1/3 は主役を置かず背景のみにする(カード上ではその部分にテキストが重なる)。ドラマチックな光。文字・枠・ロゴ・UI は描かない。題材:「亡霊騎士」。キャラクターの上半身〜全身のポートレート。世界観: 死霊術師と不死者。骨と墓石、暗い緑と黒、不気味な光、荒涼とした雰囲気。カード効果のヒント: 疾走 ラストワード: 骸骨(1/1)を1体出す。。"
"U012.png","U012","不死の騎士","死霊術師","フォロワー",6,4,5,"守護 ラストワード: ゾンビ(2/2)を1体出す。","","ファンタジーカードゲームのカードイラスト。デジタルペインティング、縦長 2:3。被写体(顔・主役)は画像の上半分〜中央に大きく配置し、下 1/3 は主役を置かず背景のみにする(カード上ではその部分にテキストが重なる)。ドラマチックな光。文字・枠・ロゴ・UI は描かない。題材:「不死の騎士」。キャラクターの上半身〜全身のポートレート。世界観: 死霊術師と不死者。骨と墓石、暗い緑と黒、不気味な光、荒涼とした雰囲気。カード効果のヒント: 守護 ラストワード: ゾンビ(2/2)を1体出す。。"
"U011.png","U011","死者の王","死霊術師","フォロワー",7,5,5,"ファンファーレ: ゾンビ(2/2)を2体出す。","","ファンタジーカードゲームのカードイラスト。デジタルペインティング、縦長 2:3。被写体(顔・主役)は画像の上半分〜中央に大きく配置し、下 1/3 は主役を置かず背景のみにする(カード上ではその部分にテキストが重なる)。ドラマチックな光。文字・枠・ロゴ・UI は描かない。題材:「死者の王」。キャラクターの上半身〜全身のポートレート。世界観: 死霊術師と不死者。骨と墓石、暗い緑と黒、不気味な光、荒涼とした雰囲気。カード効果のヒント: ファンファーレ: ゾンビ(2/2)を2体出す。。"
"D001.png","D001","森の妖精","森の民","フォロワー",1,1,1,"ファンファーレ: 自分のリーダーを2回復。","","ファンタジーカードゲームのカードイラスト。デジタルペインティング、縦長 2:3。被写体(顔・主役)は画像の上半分〜中央に大きく配置し、下 1/3 は主役を置かず背景のみにする(カード上ではその部分にテキストが重なる)。ドラマチックな光。文字・枠・ロゴ・UI は描かない。題材:「森の妖精」。キャラクターの上半身〜全身のポートレート。世界観: 森の民と自然の精霊。深い緑、木漏れ日、苔と花、生命力に満ちた雰囲気。カード効果のヒント: ファンファーレ: 自分のリーダーを2回復。。"
"D017.png","D017","成長","森の民","スペル",1,,,"自分のフォロワー1体を+2/+2する。","","ファンタジーカードゲームのカードイラスト。デジタルペインティング、縦長 2:3。被写体(顔・主役)は画像の上半分〜中央に大きく配置し、下 1/3 は主役を置かず背景のみにする(カード上ではその部分にテキストが重なる)。ドラマチックな光。文字・枠・ロゴ・UI は描かない。題材:「成長」。キャラクターではなく魔法・現象そのものを描く(効果の一瞬を切り取る)。世界観: 森の民と自然の精霊。深い緑、木漏れ日、苔と花、生命力に満ちた雰囲気。カード効果のヒント: 自分のフォロワー1体を+2/+2する。。"
"D002.png","D002","蔦の番人","森の民","フォロワー",2,1,4,"守護","","ファンタジーカードゲームのカードイラスト。デジタルペインティング、縦長 2:3。被写体(顔・主役)は画像の上半分〜中央に大きく配置し、下 1/3 は主役を置かず背景のみにする(カード上ではその部分にテキストが重なる)。ドラマチックな光。文字・枠・ロゴ・UI は描かない。題材:「蔦の番人」。キャラクターの上半身〜全身のポートレート。世界観: 森の民と自然の精霊。深い緑、木漏れ日、苔と花、生命力に満ちた雰囲気。カード効果のヒント: 守護。"
"D003.png","D003","森の案内人","森の民","フォロワー",2,1,2,"ファンファーレ: 最大PPを+1する。","森は、進む者にだけ道を開く。","ファンタジーカードゲームのカードイラスト。デジタルペインティング、縦長 2:3。被写体(顔・主役)は画像の上半分〜中央に大きく配置し、下 1/3 は主役を置かず背景のみにする(カード上ではその部分にテキストが重なる)。ドラマチックな光。文字・枠・ロゴ・UI は描かない。題材:「森の案内人」。キャラクターの上半身〜全身のポートレート。世界観: 森の民と自然の精霊。深い緑、木漏れ日、苔と花、生命力に満ちた雰囲気。カード効果のヒント: ファンファーレ: 最大PPを+1する。。フレーバー: 森は、進む者にだけ道を開く。。"
"D013.png","D013","種を撒く者","森の民","フォロワー",2,2,2,"ラストワード: 妖精(1/1)を1体出す。","","ファンタジーカードゲームのカードイラスト。デジタルペインティング、縦長 2:3。被写体(顔・主役)は画像の上半分〜中央に大きく配置し、下 1/3 は主役を置かず背景のみにする(カード上ではその部分にテキストが重なる)。ドラマチックな光。文字・枠・ロゴ・UI は描かない。題材:「種を撒く者」。キャラクターの上半身〜全身のポートレート。世界観: 森の民と自然の精霊。深い緑、木漏れ日、苔と花、生命力に満ちた雰囲気。カード効果のヒント: ラストワード: 妖精(1/1)を1体出す。。"
"D015.png","D015","自然の恵み","森の民","スペル",2,,,"最大PPを+1する。","","ファンタジーカードゲームのカードイラスト。デジタルペインティング、縦長 2:3。被写体(顔・主役)は画像の上半分〜中央に大きく配置し、下 1/3 は主役を置かず背景のみにする(カード上ではその部分にテキストが重なる)。ドラマチックな光。文字・枠・ロゴ・UI は描かない。題材:「自然の恵み」。キャラクターではなく魔法・現象そのものを描く(効果の一瞬を切り取る)。世界観: 森の民と自然の精霊。深い緑、木漏れ日、苔と花、生命力に満ちた雰囲気。カード効果のヒント: 最大PPを+1する。。"
"D004.png","D004","樹皮の癒し手","森の民","フォロワー",3,2,3,"ファンファーレ: 自分の他のフォロワー1体を+0/+3する。","","ファンタジーカードゲームのカードイラスト。デジタルペインティング、縦長 2:3。被写体(顔・主役)は画像の上半分〜中央に大きく配置し、下 1/3 は主役を置かず背景のみにする(カード上ではその部分にテキストが重なる)。ドラマチックな光。文字・枠・ロゴ・UI は描かない。題材:「樹皮の癒し手」。キャラクターの上半身〜全身のポートレート。世界観: 森の民と自然の精霊。深い緑、木漏れ日、苔と花、生命力に満ちた雰囲気。カード効果のヒント: ファンファーレ: 自分の他のフォロワー1体を+0/+3する。。"
"D005.png","D005","猪突する猪","森の民","フォロワー",3,3,2,"突進","","ファンタジーカードゲームのカードイラスト。デジタルペインティング、縦長 2:3。被写体(顔・主役)は画像の上半分〜中央に大きく配置し、下 1/3 は主役を置かず背景のみにする(カード上ではその部分にテキストが重なる)。ドラマチックな光。文字・枠・ロゴ・UI は描かない。題材:「猪突する猪」。キャラクターの上半身〜全身のポートレート。世界観: 森の民と自然の精霊。深い緑、木漏れ日、苔と花、生命力に満ちた雰囲気。カード効果のヒント: 突進。"
"D014.png","D014","蜂の群れ","森の民","フォロワー",3,2,2,"ファンファーレ: 妖精(1/1)を2体出す。","","ファンタジーカードゲームのカードイラスト。デジタルペインティング、縦長 2:3。被写体(顔・主役)は画像の上半分〜中央に大きく配置し、下 1/3 は主役を置かず背景のみにする(カード上ではその部分にテキストが重なる)。ドラマチックな光。文字・枠・ロゴ・UI は描かない。題材:「蜂の群れ」。キャラクターの上半身〜全身のポートレート。世界観: 森の民と自然の精霊。深い緑、木漏れ日、苔と花、生命力に満ちた雰囲気。カード効果のヒント: ファンファーレ: 妖精(1/1)を2体出す。。"
"D016.png","D016","根の締めつけ","森の民","スペル",3,,,"相手のフォロワー1体に4ダメージ。","","ファンタジーカードゲームのカードイラスト。デジタルペインティング、縦長 2:3。被写体(顔・主役)は画像の上半分〜中央に大きく配置し、下 1/3 は主役を置かず背景のみにする(カード上ではその部分にテキストが重なる)。ドラマチックな光。文字・枠・ロゴ・UI は描かない。題材:「根の締めつけ」。キャラクターではなく魔法・現象そのものを描く(効果の一瞬を切り取る)。世界観: 森の民と自然の精霊。深い緑、木漏れ日、苔と花、生命力に満ちた雰囲気。カード効果のヒント: 相手のフォロワー1体に4ダメージ。。"
"D018.png","D018","生命の息吹","森の民","スペル",3,,,"自分のリーダーを6回復。カードを1枚引く。","","ファンタジーカードゲームのカードイラスト。デジタルペインティング、縦長 2:3。被写体(顔・主役)は画像の上半分〜中央に大きく配置し、下 1/3 は主役を置かず背景のみにする(カード上ではその部分にテキストが重なる)。ドラマチックな光。文字・枠・ロゴ・UI は描かない。題材:「生命の息吹」。キャラクターではなく魔法・現象そのものを描く(効果の一瞬を切り取る)。世界観: 森の民と自然の精霊。深い緑、木漏れ日、苔と花、生命力に満ちた雰囲気。カード効果のヒント: 自分のリーダーを6回復。カードを1枚引く。。"
"D020.png","D020","豊穣の祭壇","森の民","アミュレット",3,,,"カウントダウン 3 ラストワード: 最大PPを+1する。カードを2枚引く。","","ファンタジーカードゲームのカードイラスト。デジタルペインティング、縦長 2:3。被写体(顔・主役)は画像の上半分〜中央に大きく配置し、下 1/3 は主役を置かず背景のみにする(カード上ではその部分にテキストが重なる)。ドラマチックな光。文字・枠・ロゴ・UI は描かない。題材:「豊穣の祭壇」。人物ではなく、魔法の道具・祭壇・建造物を描く。世界観: 森の民と自然の精霊。深い緑、木漏れ日、苔と花、生命力に満ちた雰囲気。カード効果のヒント: カウントダウン 3 ラストワード: 最大PPを+1する。カードを2枚引く。。"
"D006.png","D006","古木の精","森の民","フォロワー",4,2,6,"守護","","ファンタジーカードゲームのカードイラスト。デジタルペインティング、縦長 2:3。被写体(顔・主役)は画像の上半分〜中央に大きく配置し、下 1/3 は主役を置かず背景のみにする(カード上ではその部分にテキストが重なる)。ドラマチックな光。文字・枠・ロゴ・UI は描かない。題材:「古木の精」。キャラクターの上半身〜全身のポートレート。世界観: 森の民と自然の精霊。深い緑、木漏れ日、苔と花、生命力に満ちた雰囲気。カード効果のヒント: 守護。"
"D007.png","D007","森の狩人","森の民","フォロワー",4,3,4,"ファンファーレ: カードを1枚引く。","","ファンタジーカードゲームのカードイラスト。デジタルペインティング、縦長 2:3。被写体(顔・主役)は画像の上半分〜中央に大きく配置し、下 1/3 は主役を置かず背景のみにする(カード上ではその部分にテキストが重なる)。ドラマチックな光。文字・枠・ロゴ・UI は描かない。題材:「森の狩人」。キャラクターの上半身〜全身のポートレート。世界観: 森の民と自然の精霊。深い緑、木漏れ日、苔と花、生命力に満ちた雰囲気。カード効果のヒント: ファンファーレ: カードを1枚引く。。"
"D008.png","D008","大樹の守り手","森の民","フォロワー",5,4,6,"守護 ファンファーレ: 自分のリーダーを3回復。","","ファンタジーカードゲームのカードイラスト。デジタルペインティング、縦長 2:3。被写体(顔・主役)は画像の上半分〜中央に大きく配置し、下 1/3 は主役を置かず背景のみにする(カード上ではその部分にテキストが重なる)。ドラマチックな光。文字・枠・ロゴ・UI は描かない。題材:「大樹の守り手」。キャラクターの上半身〜全身のポートレート。世界観: 森の民と自然の精霊。深い緑、木漏れ日、苔と花、生命力に満ちた雰囲気。カード効果のヒント: 守護 ファンファーレ: 自分のリーダーを3回復。。"
"D009.png","D009","森の賢者","森の民","フォロワー",5,3,5,"ファンファーレ: 最大PPを+1する。カードを1枚引く。","","ファンタジーカードゲームのカードイラスト。デジタルペインティング、縦長 2:3。被写体(顔・主役)は画像の上半分〜中央に大きく配置し、下 1/3 は主役を置かず背景のみにする(カード上ではその部分にテキストが重なる)。ドラマチックな光。文字・枠・ロゴ・UI は描かない。題材:「森の賢者」。キャラクターの上半身〜全身のポートレート。世界観: 森の民と自然の精霊。深い緑、木漏れ日、苔と花、生命力に満ちた雰囲気。カード効果のヒント: ファンファーレ: 最大PPを+1する。カードを1枚引く。。"
"D019.png","D019","森の目覚め","森の民","スペル",5,,,"妖精(1/1)を3体出す。その後、自分のフォロワー全てを+1/+1する。","","ファンタジーカードゲームのカードイラスト。デジタルペインティング、縦長 2:3。被写体(顔・主役)は画像の上半分〜中央に大きく配置し、下 1/3 は主役を置かず背景のみにする(カード上ではその部分にテキストが重なる)。ドラマチックな光。文字・枠・ロゴ・UI は描かない。題材:「森の目覚め」。キャラクターではなく魔法・現象そのものを描く(効果の一瞬を切り取る)。世界観: 森の民と自然の精霊。深い緑、木漏れ日、苔と花、生命力に満ちた雰囲気。カード効果のヒント: 妖精(1/1)を3体出す。その後、自分のフォロワー全てを+1/+1する。。"
"D010.png","D010","巨大熊","森の民","フォロワー",6,6,6,"突進","","ファンタジーカードゲームのカードイラスト。デジタルペインティング、縦長 2:3。被写体(顔・主役)は画像の上半分〜中央に大きく配置し、下 1/3 は主役を置かず背景のみにする(カード上ではその部分にテキストが重なる)。ドラマチックな光。文字・枠・ロゴ・UI は描かない。題材:「巨大熊」。キャラクターの上半身〜全身のポートレート。世界観: 森の民と自然の精霊。深い緑、木漏れ日、苔と花、生命力に満ちた雰囲気。カード効果のヒント: 突進。"
"D012.png","D012","森の女王","森の民","フォロワー",7,5,5,"ファンファーレ: 自分のフォロワー全てを+2/+2する。","","ファンタジーカードゲームのカードイラスト。デジタルペインティング、縦長 2:3。被写体(顔・主役)は画像の上半分〜中央に大きく配置し、下 1/3 は主役を置かず背景のみにする(カード上ではその部分にテキストが重なる)。ドラマチックな光。文字・枠・ロゴ・UI は描かない。題材:「森の女王」。キャラクターの上半身〜全身のポートレート。世界観: 森の民と自然の精霊。深い緑、木漏れ日、苔と花、生命力に満ちた雰囲気。カード効果のヒント: ファンファーレ: 自分のフォロワー全てを+2/+2する。。"
"D011.png","D011","世界樹の化身","森の民","フォロワー",8,8,8,"ファンファーレ: 自分のリーダーを5回復。","根は大地を抱き、枝は空を支える。","ファンタジーカードゲームのカードイラスト。デジタルペインティング、縦長 2:3。被写体(顔・主役)は画像の上半分〜中央に大きく配置し、下 1/3 は主役を置かず背景のみにする(カード上ではその部分にテキストが重なる)。ドラマチックな光。文字・枠・ロゴ・UI は描かない。題材:「世界樹の化身」。キャラクターの上半身〜全身のポートレート。世界観: 森の民と自然の精霊。深い緑、木漏れ日、苔と花、生命力に満ちた雰囲気。カード効果のヒント: ファンファーレ: 自分のリーダーを5回復。。フレーバー: 根は大地を抱き、枝は空を支える。。"
"G001.png","G001","竜の卵","竜族","フォロワー",1,0,3,"ラストワード: 子竜(2/2)を1体出す。","割れるまでは、ただの石。","ファンタジーカードゲームのカードイラスト。デジタルペインティング、縦長 2:3。被写体(顔・主役)は画像の上半分〜中央に大きく配置し、下 1/3 は主役を置かず背景のみにする(カード上ではその部分にテキストが重なる)。ドラマチックな光。文字・枠・ロゴ・UI は描かない。題材:「竜の卵」。キャラクターの上半身〜全身のポートレート。世界観: 竜と竜人。赤と橙の鱗、火山と溶岩、火の粉、圧倒的な迫力。カード効果のヒント: ラストワード: 子竜(2/2)を1体出す。。フレーバー: 割れるまでは、ただの石。。"
"G002.png","G002","竜人の斥候","竜族","フォロワー",2,2,1,"突進","","ファンタジーカードゲームのカードイラスト。デジタルペインティング、縦長 2:3。被写体(顔・主役)は画像の上半分〜中央に大きく配置し、下 1/3 は主役を置かず背景のみにする(カード上ではその部分にテキストが重なる)。ドラマチックな光。文字・枠・ロゴ・UI は描かない。題材:「竜人の斥候」。キャラクターの上半身〜全身のポートレート。世界観: 竜と竜人。赤と橙の鱗、火山と溶岩、火の粉、圧倒的な迫力。カード効果のヒント: 突進。"
"G003.png","G003","竜の巫女","竜族","フォロワー",2,1,3,"ファンファーレ: 最大PPを+1する。","","ファンタジーカードゲームのカードイラスト。デジタルペインティング、縦長 2:3。被写体(顔・主役)は画像の上半分〜中央に大きく配置し、下 1/3 は主役を置かず背景のみにする(カード上ではその部分にテキストが重なる)。ドラマチックな光。文字・枠・ロゴ・UI は描かない。題材:「竜の巫女」。キャラクターの上半身〜全身のポートレート。世界観: 竜と竜人。赤と橙の鱗、火山と溶岩、火の粉、圧倒的な迫力。カード効果のヒント: ファンファーレ: 最大PPを+1する。。"
"G004.png","G004","竜人の戦士","竜族","フォロワー",3,3,3,"","竜の血を引く者は、恐れを知らない。","ファンタジーカードゲームのカードイラスト。デジタルペインティング、縦長 2:3。被写体(顔・主役)は画像の上半分〜中央に大きく配置し、下 1/3 は主役を置かず背景のみにする(カード上ではその部分にテキストが重なる)。ドラマチックな光。文字・枠・ロゴ・UI は描かない。題材:「竜人の戦士」。キャラクターの上半身〜全身のポートレート。世界観: 竜と竜人。赤と橙の鱗、火山と溶岩、火の粉、圧倒的な迫力。フレーバー: 竜の血を引く者は、恐れを知らない。。"
"G005.png","G005","火竜の子","竜族","フォロワー",3,2,2,"ファンファーレ: 相手のフォロワー全てに1ダメージ。","","ファンタジーカードゲームのカードイラスト。デジタルペインティング、縦長 2:3。被写体(顔・主役)は画像の上半分〜中央に大きく配置し、下 1/3 は主役を置かず背景のみにする(カード上ではその部分にテキストが重なる)。ドラマチックな光。文字・枠・ロゴ・UI は描かない。題材:「火竜の子」。キャラクターの上半身〜全身のポートレート。世界観: 竜と竜人。赤と橙の鱗、火山と溶岩、火の粉、圧倒的な迫力。カード効果のヒント: ファンファーレ: 相手のフォロワー全てに1ダメージ。。"
"G013.png","G013","卵の守り手","竜族","フォロワー",3,2,3,"ファンファーレ: 竜の卵(0/3)を1体出す。","","ファンタジーカードゲームのカードイラスト。デジタルペインティング、縦長 2:3。被写体(顔・主役)は画像の上半分〜中央に大きく配置し、下 1/3 は主役を置かず背景のみにする(カード上ではその部分にテキストが重なる)。ドラマチックな光。文字・枠・ロゴ・UI は描かない。題材:「卵の守り手」。キャラクターの上半身〜全身のポートレート。世界観: 竜と竜人。赤と橙の鱗、火山と溶岩、火の粉、圧倒的な迫力。カード効果のヒント: ファンファーレ: 竜の卵(0/3)を1体出す。。"
"G015.png","G015","竜の息吹","竜族","スペル",3,,,"相手のフォロワー全てに2ダメージ。","","ファンタジーカードゲームのカードイラスト。デジタルペインティング、縦長 2:3。被写体(顔・主役)は画像の上半分〜中央に大きく配置し、下 1/3 は主役を置かず背景のみにする(カード上ではその部分にテキストが重なる)。ドラマチックな光。文字・枠・ロゴ・UI は描かない。題材:「竜の息吹」。キャラクターではなく魔法・現象そのものを描く(効果の一瞬を切り取る)。世界観: 竜と竜人。赤と橙の鱗、火山と溶岩、火の粉、圧倒的な迫力。カード効果のヒント: 相手のフォロワー全てに2ダメージ。。"
"G017.png","G017","竜の財宝","竜族","スペル",3,,,"最大PPを+1する。カードを1枚引く。","","ファンタジーカードゲームのカードイラスト。デジタルペインティング、縦長 2:3。被写体(顔・主役)は画像の上半分〜中央に大きく配置し、下 1/3 は主役を置かず背景のみにする(カード上ではその部分にテキストが重なる)。ドラマチックな光。文字・枠・ロゴ・UI は描かない。題材:「竜の財宝」。キャラクターではなく魔法・現象そのものを描く(効果の一瞬を切り取る)。世界観: 竜と竜人。赤と橙の鱗、火山と溶岩、火の粉、圧倒的な迫力。カード効果のヒント: 最大PPを+1する。カードを1枚引く。。"
"G018.png","G018","孵化","竜族","スペル",3,,,"子竜(2/2)を2体出す。","","ファンタジーカードゲームのカードイラスト。デジタルペインティング、縦長 2:3。被写体(顔・主役)は画像の上半分〜中央に大きく配置し、下 1/3 は主役を置かず背景のみにする(カード上ではその部分にテキストが重なる)。ドラマチックな光。文字・枠・ロゴ・UI は描かない。題材:「孵化」。キャラクターではなく魔法・現象そのものを描く(効果の一瞬を切り取る)。世界観: 竜と竜人。赤と橙の鱗、火山と溶岩、火の粉、圧倒的な迫力。カード効果のヒント: 子竜(2/2)を2体出す。。"
"G020.png","G020","竜の巣","竜族","アミュレット",3,,,"カウントダウン 3 ラストワード: 子竜(2/2)を2体出す。","","ファンタジーカードゲームのカードイラスト。デジタルペインティング、縦長 2:3。被写体(顔・主役)は画像の上半分〜中央に大きく配置し、下 1/3 は主役を置かず背景のみにする(カード上ではその部分にテキストが重なる)。ドラマチックな光。文字・枠・ロゴ・UI は描かない。題材:「竜の巣」。人物ではなく、魔法の道具・祭壇・建造物を描く。世界観: 竜と竜人。赤と橙の鱗、火山と溶岩、火の粉、圧倒的な迫力。カード効果のヒント: カウントダウン 3 ラストワード: 子竜(2/2)を2体出す。。"
"G006.png","G006","竜騎兵","竜族","フォロワー",4,3,4,"ファンファーレ: 相手のリーダーかフォロワー1体に2ダメージ。","","ファンタジーカードゲームのカードイラスト。デジタルペインティング、縦長 2:3。被写体(顔・主役)は画像の上半分〜中央に大きく配置し、下 1/3 は主役を置かず背景のみにする(カード上ではその部分にテキストが重なる)。ドラマチックな光。文字・枠・ロゴ・UI は描かない。題材:「竜騎兵」。キャラクターの上半身〜全身のポートレート。世界観: 竜と竜人。赤と橙の鱗、火山と溶岩、火の粉、圧倒的な迫力。カード効果のヒント: ファンファーレ: 相手のリーダーかフォロワー1体に2ダメージ。。"
"G014.png","G014","竜人の長","竜族","フォロワー",4,3,3,"ファンファーレ: 自分のフォロワー全てを+1/+0する。","","ファンタジーカードゲームのカードイラスト。デジタルペインティング、縦長 2:3。被写体(顔・主役)は画像の上半分〜中央に大きく配置し、下 1/3 は主役を置かず背景のみにする(カード上ではその部分にテキストが重なる)。ドラマチックな光。文字・枠・ロゴ・UI は描かない。題材:「竜人の長」。キャラクターの上半身〜全身のポートレート。世界観: 竜と竜人。赤と橙の鱗、火山と溶岩、火の粉、圧倒的な迫力。カード効果のヒント: ファンファーレ: 自分のフォロワー全てを+1/+0する。。"
"G016.png","G016","灼熱のブレス","竜族","スペル",4,,,"相手のリーダーかフォロワー1体に3ダメージ。その後、相手のフォロワー全てに1ダメージ。","","ファンタジーカードゲームのカードイラスト。デジタルペインティング、縦長 2:3。被写体(顔・主役)は画像の上半分〜中央に大きく配置し、下 1/3 は主役を置かず背景のみにする(カード上ではその部分にテキストが重なる)。ドラマチックな光。文字・枠・ロゴ・UI は描かない。題材:「灼熱のブレス」。キャラクターではなく魔法・現象そのものを描く(効果の一瞬を切り取る)。世界観: 竜と竜人。赤と橙の鱗、火山と溶岩、火の粉、圧倒的な迫力。カード効果のヒント: 相手のリーダーかフォロワー1体に3ダメージ。その後、相手のフォロワー全てに1ダメージ。。"
"G007.png","G007","疾風竜","竜族","フォロワー",5,4,3,"疾走","","ファンタジーカードゲームのカードイラスト。デジタルペインティング、縦長 2:3。被写体(顔・主役)は画像の上半分〜中央に大きく配置し、下 1/3 は主役を置かず背景のみにする(カード上ではその部分にテキストが重なる)。ドラマチックな光。文字・枠・ロゴ・UI は描かない。題材:「疾風竜」。キャラクターの上半身〜全身のポートレート。世界観: 竜と竜人。赤と橙の鱗、火山と溶岩、火の粉、圧倒的な迫力。カード効果のヒント: 疾走。"
"G008.png","G008","岩竜","竜族","フォロワー",5,3,7,"守護","","ファンタジーカードゲームのカードイラスト。デジタルペインティング、縦長 2:3。被写体(顔・主役)は画像の上半分〜中央に大きく配置し、下 1/3 は主役を置かず背景のみにする(カード上ではその部分にテキストが重なる)。ドラマチックな光。文字・枠・ロゴ・UI は描かない。題材:「岩竜」。キャラクターの上半身〜全身のポートレート。世界観: 竜と竜人。赤と橙の鱗、火山と溶岩、火の粉、圧倒的な迫力。カード効果のヒント: 守護。"
"G009.png","G009","雷竜","竜族","フォロワー",6,5,5,"ファンファーレ: 相手のフォロワー1体に3ダメージ。","","ファンタジーカードゲームのカードイラスト。デジタルペインティング、縦長 2:3。被写体(顔・主役)は画像の上半分〜中央に大きく配置し、下 1/3 は主役を置かず背景のみにする(カード上ではその部分にテキストが重なる)。ドラマチックな光。文字・枠・ロゴ・UI は描かない。題材:「雷竜」。キャラクターの上半身〜全身のポートレート。世界観: 竜と竜人。赤と橙の鱗、火山と溶岩、火の粉、圧倒的な迫力。カード効果のヒント: ファンファーレ: 相手のフォロワー1体に3ダメージ。。"
"G010.png","G010","炎竜","竜族","フォロワー",7,6,6,"ファンファーレ: 相手のフォロワー全てに2ダメージ。","","ファンタジーカードゲームのカードイラスト。デジタルペインティング、縦長 2:3。被写体(顔・主役)は画像の上半分〜中央に大きく配置し、下 1/3 は主役を置かず背景のみにする(カード上ではその部分にテキストが重なる)。ドラマチックな光。文字・枠・ロゴ・UI は描かない。題材:「炎竜」。キャラクターの上半身〜全身のポートレート。世界観: 竜と竜人。赤と橙の鱗、火山と溶岩、火の粉、圧倒的な迫力。カード効果のヒント: ファンファーレ: 相手のフォロワー全てに2ダメージ。。"
"G019.png","G019","竜の裁き","竜族","スペル",7,,,"相手のフォロワー1体を破壊する。相手のリーダーに3ダメージ。","","ファンタジーカードゲームのカードイラスト。デジタルペインティング、縦長 2:3。被写体(顔・主役)は画像の上半分〜中央に大きく配置し、下 1/3 は主役を置かず背景のみにする(カード上ではその部分にテキストが重なる)。ドラマチックな光。文字・枠・ロゴ・UI は描かない。題材:「竜の裁き」。キャラクターではなく魔法・現象そのものを描く(効果の一瞬を切り取る)。世界観: 竜と竜人。赤と橙の鱗、火山と溶岩、火の粉、圧倒的な迫力。カード効果のヒント: 相手のフォロワー1体を破壊する。相手のリーダーに3ダメージ。。"
"G011.png","G011","古竜","竜族","フォロワー",8,7,7,"疾走","","ファンタジーカードゲームのカードイラスト。デジタルペインティング、縦長 2:3。被写体(顔・主役)は画像の上半分〜中央に大きく配置し、下 1/3 は主役を置かず背景のみにする(カード上ではその部分にテキストが重なる)。ドラマチックな光。文字・枠・ロゴ・UI は描かない。題材:「古竜」。キャラクターの上半身〜全身のポートレート。世界観: 竜と竜人。赤と橙の鱗、火山と溶岩、火の粉、圧倒的な迫力。カード効果のヒント: 疾走。"
"G012.png","G012","竜王","竜族","フォロワー",9,8,8,"疾走 ファンファーレ: 相手のフォロワー全てに3ダメージ。","空が翳るとき、王が来る。","ファンタジーカードゲームのカードイラスト。デジタルペインティング、縦長 2:3。被写体(顔・主役)は画像の上半分〜中央に大きく配置し、下 1/3 は主役を置かず背景のみにする(カード上ではその部分にテキストが重なる)。ドラマチックな光。文字・枠・ロゴ・UI は描かない。題材:「竜王」。キャラクターの上半身〜全身のポートレート。世界観: 竜と竜人。赤と橙の鱗、火山と溶岩、火の粉、圧倒的な迫力。カード効果のヒント: 疾走 ファンファーレ: 相手のフォロワー全てに3ダメージ。。フレーバー: 空が翳るとき、王が来る。。"
"T001.png","T001","狼","ニュートラル","トークン",2,2,2,"","","ファンタジーカードゲームのカードイラスト。デジタルペインティング、縦長 2:3。被写体(顔・主役)は画像の上半分〜中央に大きく配置し、下 1/3 は主役を置かず背景のみにする(カード上ではその部分にテキストが重なる)。ドラマチックな光。文字・枠・ロゴ・UI は描かない。題材:「狼」。小型のキャラクター、シンプルで分かりやすい姿。世界観: 中世ファンタジーの旅人や村人。落ち着いた土の色、素朴で温かい雰囲気。"
"T002.png","T002","兵士","騎士","トークン",1,1,1,"","","ファンタジーカードゲームのカードイラスト。デジタルペインティング、縦長 2:3。被写体(顔・主役)は画像の上半分〜中央に大きく配置し、下 1/3 は主役を置かず背景のみにする(カード上ではその部分にテキストが重なる)。ドラマチックな光。文字・枠・ロゴ・UI は描かない。題材:「兵士」。小型のキャラクター、シンプルで分かりやすい姿。世界観: 王国の騎士団。銀の鎧、青と金の紋章、城と旗、気高く堂々とした雰囲気。"
"T003.png","T003","火の精霊","魔導","トークン",1,1,1,"突進","","ファンタジーカードゲームのカードイラスト。デジタルペインティング、縦長 2:3。被写体(顔・主役)は画像の上半分〜中央に大きく配置し、下 1/3 は主役を置かず背景のみにする(カード上ではその部分にテキストが重なる)。ドラマチックな光。文字・枠・ロゴ・UI は描かない。題材:「火の精霊」。小型のキャラクター、シンプルで分かりやすい姿。世界観: 魔法学院の魔導師。紫のローブ、光る魔法陣、炎と氷の魔法、神秘的な雰囲気。カード効果のヒント: 突進。"
"T004.png","T004","骸骨","死霊術師","トークン",1,1,1,"","","ファンタジーカードゲームのカードイラスト。デジタルペインティング、縦長 2:3。被写体(顔・主役)は画像の上半分〜中央に大きく配置し、下 1/3 は主役を置かず背景のみにする(カード上ではその部分にテキストが重なる)。ドラマチックな光。文字・枠・ロゴ・UI は描かない。題材:「骸骨」。小型のキャラクター、シンプルで分かりやすい姿。世界観: 死霊術師と不死者。骨と墓石、暗い緑と黒、不気味な光、荒涼とした雰囲気。"
"T005.png","T005","ゾンビ","死霊術師","トークン",2,2,2,"","","ファンタジーカードゲームのカードイラスト。デジタルペインティング、縦長 2:3。被写体(顔・主役)は画像の上半分〜中央に大きく配置し、下 1/3 は主役を置かず背景のみにする(カード上ではその部分にテキストが重なる)。ドラマチックな光。文字・枠・ロゴ・UI は描かない。題材:「ゾンビ」。小型のキャラクター、シンプルで分かりやすい姿。世界観: 死霊術師と不死者。骨と墓石、暗い緑と黒、不気味な光、荒涼とした雰囲気。"
"T006.png","T006","妖精","森の民","トークン",1,1,1,"","","ファンタジーカードゲームのカードイラスト。デジタルペインティング、縦長 2:3。被写体(顔・主役)は画像の上半分〜中央に大きく配置し、下 1/3 は主役を置かず背景のみにする(カード上ではその部分にテキストが重なる)。ドラマチックな光。文字・枠・ロゴ・UI は描かない。題材:「妖精」。小型のキャラクター、シンプルで分かりやすい姿。世界観: 森の民と自然の精霊。深い緑、木漏れ日、苔と花、生命力に満ちた雰囲気。"
"T007.png","T007","子竜","竜族","トークン",2,2,2,"","","ファンタジーカードゲームのカードイラスト。デジタルペインティング、縦長 2:3。被写体(顔・主役)は画像の上半分〜中央に大きく配置し、下 1/3 は主役を置かず背景のみにする(カード上ではその部分にテキストが重なる)。ドラマチックな光。文字・枠・ロゴ・UI は描かない。題材:「子竜」。小型のキャラクター、シンプルで分かりやすい姿。世界観: 竜と竜人。赤と橙の鱗、火山と溶岩、火の粉、圧倒的な迫力。"
